{"https://api.flickr.com/services/rest/format-json_method-flickr.photos.search_per_page-50_tag_mode-all_tags-spring": {"photos": {"page": 1, "pages": 2613, "perpage": 50, "total": "130620", "photo": [{"id": "24504558468", "owner": "128295902@N04", "secret": "83173eb895", "server": "4525", "farm": 5, "title": "Reflections of early spring", "ispublic": 1, "isfriend": 0, "isfamily": 0}, {"id": "37660724004", "owner": "64830328@N07", "secret": "d3b401b12a", "server": "4522", "farm": 5, "title": "LHT-00601-Edit.jpg", "ispublic": 1, "isfriend": 0, "isfamily": 0}, {"id": "38319475576", "owner": "13717226@N00", "secret": "376363c900", "server": "4577", "farm": 5, "title": "Arizona 1983", "ispublic": 1, "isfriend": 0, "isfamily": 0}, {"id": "38319472146", "owner": "13717226@N00", "secret": "213f07c647", "server": "4528", "farm": 5, "title": "Arizona 1983", "ispublic": 1, "isfriend": 0, "isfamily": 0}, {"id": "38319470086", "owner": "13717226@N00", "secret": "ca6e7f301c", "server": "4544", "farm": 5, "title": "Arizona 1983", "ispublic": 1, "isfriend": 0, "isfamily": 0}, {"id": "38319468196", "owner": "13717226@N00", "secret": "b77371d6bb", "server": "4529", "farm": 5, "title": "Arizona 1983", "ispublic": 1, "isfriend": 0, "isfamily": 0}, {"id": "38319466166", "owner": "13717226@N00", "secret": "b62e9ce56c", "server": "4520", "farm": 5, "title": "Arizona 1983", "ispublic": 1, "isfriend": 0, "isfamily": 0}, {"id": "38319462836", "owner": "13717226@N00", "secret": "e56d15db20", "server": "4572", "farm": 5, "title": "Arizona 1983", "ispublic": 1, "isfriend": 0, "isfamily": 0}, {"id": "38319460826", "owner": "13717226@N00", "secret": "dc4b9b61d4", "server": "4580", "farm": 5, "title": "Arizona 1983", "ispublic": 1, "isfriend": 0, "isfamily": 0}, {"id": "38319458916", "owner": "13717226@N00", "secret": "589f4a23f4", "server": "4537", "farm": 5, "title": "Colorado 1983", "ispublic": 1, "isfriend": 0, "isfamily": 0}, {"id": "38344070132", "owner": "21930152@N06", "secret": "f8049cb7fd", "server": "4557", "farm": 5, "title": "\u6771\u4eac\u30fb\u4e2d\u76ee\u9ed2 \u2223 Nakameguro\u30fbTokyo", "ispublic": 1, "isfriend": 0, "isfamily": 0}, {"id": "24503456928", "owner": "44952823@N08", "secret": "5408fc72bf", "server": "4526", "farm": 5, "title": "St Andrews", "ispublic": 1, "isfriend": 0, "isfamily": 0}, {"id": "37659239264", "owner": "153515052@N07", "secret": "5b032c2e4c", "server": "4549", "farm": 5, "title": "Group of young multiethnic friends taking a selfie with smart phone handhold , having fun - friendship, relaxing concept", "ispublic": 1, "isfriend": 0, "isfamily": 0}, {"id": "38317953376", "owner": "33057199@N03", "secret": "042cabcfd5", "server": "4518", "farm": 5, "title": "Cripta", "ispublic": 1, "isfriend": 0, "isfamily": 0}, {"id": "38317946856", "owner": "33057199@N03", "secret": "9d9d293e20", "server": "4580", "farm": 5, "title": "B(l)ackbone", "ispublic": 1, "isfriend": 0, "isfamily": 0}, {"id": "38372734441", "owner": "33057199@N03", "secret": "8f152e6d17", "server": "4564", "farm": 5, "title": "Light is outside", "ispublic": 1, "isfriend": 0, "isfamily": 0}, {"id": "38372732671", "owner": "33057199@N03", "secret": "d23d5e5302", "server": "4567", "farm": 5, "title": "You just keep me hanging on", "ispublic": 1, "isfriend": 0, "isfamily": 0}, {"id": "38372723351", "owner": "33057199@N03", "secret": "50b513a813", "server": "4549", "farm": 5, "title": "Exchanges", "ispublic": 1, "isfriend": 0, "isfamily": 0}, {"id": "38372713821", "owner": "33057199@N03", "secret": "78bb729c2e", "server": "4574", "farm": 5, "title": "Duomo", "ispublic": 1, "isfriend": 0, "isfamily": 0}, {"id": "38317433656", "owner": "134850014@N03", "secret": "25775927f0", "server": "4569", "farm": 5, "title": "Primavera _ Spring", "ispublic": 1, "isfriend": 0, "isfamily": 0}, {"id": "37658387904", "owner": "52106235@N07", "secret": "a7d3e57dde", "server": "4557", "farm": 5, "title": "Filling the water bottle", "ispublic": 1, "isfriend": 0, "isfamily": 0}, {"id": "38372009941", "owner": "125106052@N04", "secret": "2bc804314a", "server": "4571", "farm": 5, "title": "\"Up where we belong\"", "ispublic": 1, "isfriend": 0, "isfamily": 0}, {"id": "37658124574", "owner": "28848789@N02", "secret": "4b31e056fe", "server": "4556", "farm": 5, "title": "Abeja", "ispublic": 1, "isfriend": 0, "isfamily": 0}, {"id": "38341269652", "owner": "150868252@N07", "secret": "0dec92b3ea", "server": "4523", "farm": 5, "title": "Spring Cress Forest", "ispublic": 1, "isfriend": 0, "isfamily": 0}, {"id": "38341118822", "owner": "39631091@N03", "secret": "d0e851f281", "server": "4534", "farm": 5, "title": "Feldberg, panorama", "ispublic": 1, "isfriend": 0, "isfamily": 0}, {"id": "38371418331", "owner": "150868252@N07", "secret": "f1bfa0619c", "server": "4575", "farm": 5, "title": "Spring Swamp", "ispublic": 1, "isfriend": 0, "isfamily": 0}, {"id": "38340872342", "owner": "150868252@N07", "secret": "a228e957f0", "server": "4531", "farm": 5, "title": "Canada Goose reflections", "ispublic": 1, "isfriend": 0, "isfamily": 0}, {"id": "37657102234", "owner": "152802871@N04", "secret": "3da5dddf9c", "server": "4558", "farm": 5, "title": "Caspian Gull - adult - May - Romania", "ispublic": 1, "isfriend": 0, "isfamily": 0}, {"id": "26595512569", "owner": "91625986@N08", "secret": "c7a7b03086", "server": "4567", "farm": 5, "title": "Lise J.", "ispublic": 1, "isfriend": 0, "isfamily": 0}, {"id": "24500466008", "owner": "134661509@N08", "secret": "fa64dc171b", "server": "4528", "farm": 5, "title": "4643-1", "ispublic": 1, "isfriend": 0, "isfamily": 0}, {"id": "24500459928", "owner": "134661509@N08", "secret": "a394526b63", "server": "4556", "farm": 5, "title": "4709-1", "ispublic": 1, "isfriend": 0, "isfamily": 0}, {"id": "38371102061", "owner": "134661509@N08", "secret": "7fff6bfba8", "server": "4583", "farm": 5, "title": "4809-1", "ispublic": 1, "isfriend": 0, "isfamily": 0}, {"id": "38371093611", "owner": "134661509@N08", "secret": "3e2a48fa85", "server": "4517", "farm": 5, "title": "4822-1", "ispublic": 1, "isfriend": 0, "isfamily": 0}, {"id": "26595440499", "owner": "134661509@N08", "secret": "e2e5852e8a", "server": "4567", "farm": 5, "title": "4610-1", "ispublic": 1, "isfriend": 0, "isfamily": 0}, {"id": "24500174508", "owner": "157876753@N02", "secret": "99bb8f9df0", "server": "4544", "farm": 5, "title": "winter snow", "ispublic": 1, "isfriend": 0, "isfamily": 0}, {"id": "38315910756", "owner": "157876753@N02", "secret": "7553c41684", "server": "4528", "farm": 5, "title": "late spring/summer", "ispublic": 1, "isfriend": 0, "isfamily": 0}, {"id": "24500171028", "owner": "157876753@N02", "secret": "6dcfd42d52", "server": "4570", "farm": 5, "title": "fall colors", "ispublic": 1, "isfriend": 0, "isfamily": 0}, {"id": "37656545034", "owner": "43985819@N07", "secret": "70511a2f06", "server": "4534", "farm": 5, "title": "DSCN37337", "ispublic": 1, "isfriend": 0, "isfamily": 0}, {"id": "37656544784", "owner": "43985819@N07", "secret": "216a3d3ca1", "server": "4581", "farm": 5, "title": "DSCN37338", "ispublic": 1, "isfriend": 0, "isfamily": 0}, {"id": "37656544414", "owner": "43985819@N07", "secret": "b2d112dcbb", "server": "4551", "farm": 5, "title": "DSCN37339", "ispublic": 1, "isfriend": 0, "isfamily": 0}, {"id": "37656543614", "owner": "43985819@N07", "secret": "6980c5866a", "server": "4518", "farm": 5, "title": "DSCN37341", "ispublic": 1, "isfriend": 0, "isfamily": 0}, {"id": "37656544114", "owner": "43985819@N07", "secret": "d12ba4a287", "server": "4563", "farm": 5, "title": "DSCN37340", "ispublic": 1, "isfriend": 0, "isfamily": 0}, {"id": "24500026828", "owner": "43985819@N07", "secret": "4e6531c064", "server": "4568", "farm": 5, "title": "DSCN37342", "ispublic": 1, "isfriend": 0, "isfamily": 0}, {"id": "24500026258", "owner": "43985819@N07", "secret": "6dc7888c5f", "server": "4540", "farm": 5, "title": "DSCN37343", "ispublic": 1, "isfriend": 0, "isfamily": 0}, {"id": "24500025448", "owner": "43985819@N07", "secret": "0a616bf530", "server": "4571", "farm": 5, "title": "DSCN37345", "ispublic": 1, "isfriend": 0, "isfamily": 0}, {"id": "24500025838", "owner": "43985819@N07", "secret": "85285f2993", "server": "4531", "farm": 5, "title": "DSCN37344", "ispublic": 1, "isfriend": 0, "isfamily": 0}, {"id": "24500025118", "owner": "43985819@N07", "secret": "20d2a73f19", "server": "4574", "farm": 5, "title": "DSCN37347", "ispublic": 1, "isfriend": 0, "isfamily": 0}, {"id": "24500025188", "owner": "43985819@N07", "secret": "22e0de4aa2", "server": "4535", "farm": 5, "title": "DSCN37346", "ispublic": 1, "isfriend": 0, "isfamily": 0}, {"id": "24500024388", "owner": "43985819@N07", "secret": "dc76d1c6af", "server": "4560", "farm": 5, "title": "DSCN37348", "ispublic": 1, "isfriend": 0, "isfamily": 0}, {"id": "37656541974", "owner": "43985819@N07", "secret": "ab9120538e", "server": "4581", "farm": 5, "title": "DSCN37349", "ispublic": 1, "isfriend": 0, "isfamily": 0}]}, "stat": "ok"}, "https://api.flickr.com/services/rest/format-json_method-flickr.photos.search_per_page-50_tag_mode-all_tags-winter": {"photos": {"page": 1, "pages": 2602, "perpage": 50, "total": "130087", "photo": [{"id": "38344828292", "owner": "103779082@N02", "secret": "2ec211bd0e", "server": "4581", "farm": 5, "title": "Blue", "ispublic": 1, "isfriend": 0, "isfamily": 0}, {"id": "37660968964", "owner": "12914838@N00", "secret": "b1f2971bf0", "server": "4536", "farm": 5, "title": "Room with a Sunset.", "ispublic": 1, "isfriend": 0, "isfamily": 0}, {"id": "38374405011", "owner": "80731857@N08", "secret": "816ced8e45", "server": "4572", "farm": 5, "title": "Rough Legged Hawk", "ispublic": 1, "isfriend": 0, "isfamily": 0}, {"id": "38319488006", "owner": "80731857@N08", "secret": "48216b8297", "server": "4523", "farm": 5, "title": "Rough Legged Hawk", "ispublic": 1, "isfriend": 0, "isfamily": 0}, {"id": "38319484126", "owner": "80731857@N08", "secret": "69e5b242a9", "server": "4583", "farm": 5, "title": "Rough Legged Hawk", "ispublic": 1, "isfriend": 0, "isfamily": 0}, {"id": "38319480096", "owner": "80731857@N08", "secret": "03d44f5519", "server": "4551", "farm": 5, "title": "Rough Legged Hawk", "ispublic": 1, "isfriend": 0, "isfamily": 0}, {"id": "38319477066", "owner": "80731857@N08", "secret": "d2d52e663f", "server": "4553", "farm": 5, "title": "Rough Legged Hawk", "ispublic": 1, "isfriend": 0, "isfamily": 0}, {"id": "38374397631", "owner": "80731857@N08", "secret": "b3266edfba", "server": "4537", "farm": 5, "title": "Rough Legged Hawk", "ispublic": 1, "isfriend": 0, "isfamily": 0}, {"id": "38319471866", "owner": "80731857@N08", "secret": "fb7361619d", "server": "4554", "farm": 5, "title": "Rough Legged Hawk", "ispublic": 1, "isfriend": 0, "isfamily": 0}, {"id": "26598762769", "owner": "80731857@N08", "secret": "6a24ed88a2", "server": "4548", "farm": 5, "title": "Rough Legged Hawk", "ispublic": 1, "isfriend": 0, "isfamily": 0}, {"id": "38319466826", "owner": "80731857@N08", "secret": "7db9c44e09", "server": "4545", "farm": 5, "title": "Rough Legged Hawk", "ispublic": 1, "isfriend": 0, "isfamily": 0}, {"id": "38319460166", "owner": "80731857@N08", "secret": "f0d7d98fee", "server": "4542", "farm": 5, "title": "Rough Legged Hawk", "ispublic": 1, "isfriend": 0, "isfamily": 0}, {"id": "26598753989", "owner": "80731857@N08", "secret": "992c9a310e", "server": "4576", "farm": 5, "title": "Rough Legged Hawk", "ispublic": 1, "isfriend": 0, "isfamily": 0}, {"id": "24503899478", "owner": "80731857@N08", "secret": "4af62fa9ae", "server": "4571", "farm": 5, "title": "Rough Legged Hawk", "ispublic": 1, "isfriend": 0, "isfamily": 0}, {"id": "26598742899", "owner": "80731857@N08", "secret": "4edf38f1dd", "server": "4548", "farm": 5, "title": "Rough Legged Hawk", "ispublic": 1, "isfriend": 0, "isfamily": 0}, {"id": "24503896708", "owner": "80731857@N08", "secret": "efbc3b4e2b", "server": "4537", "farm": 5, "title": "Rough Legged Hawk", "ispublic": 1, "isfriend": 0, "isfamily": 0}, {"id": "26598729799", "owner": "80731857@N08", "secret": "aa2e4f35d7", "server": "4576", "farm": 5, "title": "Rough Legged Hawk", "ispublic": 1, "isfriend": 0, "isfamily": 0}, {"id": "26598727899", "owner": "80731857@N08", "secret": "ea4cb54f82", "server": "4580", "farm": 5, "title": "Rough Legged Hawk", "ispublic": 1, "isfriend": 0, "isfamily": 0}, {"id": "26598724359", "owner": "80731857@N08", "secret": "cabb6f0ec6", "server": "4532", "farm": 5, "title": "Rough Legged Hawk", "ispublic": 1, "isfriend": 0, "isfamily": 0}, {"id": "38344472222", "owner": "147802579@N04", "secret": "8f7dc64e90", "server": "4521", "farm": 5, "title": "\ud83c\udf0f Queenstown, New Zealand |  Matt Kyhnn", "ispublic": 1, "isfriend": 0, "isfamily": 0}, {"id": "37660551524", "owner": "142269515@N05", "secret": "1c89fe184e", "server": "4538", "farm": 5, "title": "Winter Railroading - east of Jasper", "ispublic": 1, "isfriend": 0, "isfamily": 0}, {"id": "26598916029", "owner": "51261686@N07", "secret": "a5d066a185", "server": "4573", "farm": 5, "title": "First Snow Close", "ispublic": 1, "isfriend": 0, "isfamily": 0}, {"id": "38319616206", "owner": "51261686@N07", "secret": "86c6f5171e", "server": "4571", "farm": 5, "title": "Maple Leaves Ring and Fall Nails", "ispublic": 1, "isfriend": 0, "isfamily": 0}, {"id": "38319613756", "owner": "51261686@N07", "secret": "e07a818d47", "server": "4579", "farm": 5, "title": "First Snow Full", "ispublic": 1, "isfriend": 0, "isfamily": 0}, {"id": "37660278464", "owner": "28931351@N03", "secret": "8f6e163aa3", "server": "4521", "farm": 5, "title": "No. 92", "ispublic": 1, "isfriend": 0, "isfamily": 0}, {"id": "38344017952", "owner": "142269515@N05", "secret": "c796e9e7ca", "server": "4548", "farm": 5, "title": "North of Kamloops", "ispublic": 1, "isfriend": 0, "isfamily": 0}, {"id": "38374152301", "owner": "141130004@N05", "secret": "8acfe3e5c1", "server": "4518", "farm": 5, "title": "I love Winter", "ispublic": 1, "isfriend": 0, "isfamily": 0}, {"id": "38319142526", "owner": "64002429@N06", "secret": "186fbcdbea", "server": "4563", "farm": 5, "title": "Sapporo Station at ninght", "ispublic": 1, "isfriend": 0, "isfamily": 0}, {"id": "24503487718", "owner": "56326852@N02", "secret": "e25591f495", "server": "4546", "farm": 5, "title": "Evely Rec Site", "ispublic": 1, "isfriend": 0, "isfamily": 0}, {"id": "24503483788", "owner": "56326852@N02", "secret": "8cdb8ffa69", "server": "4566", "farm": 5, "title": "Evely Rec Site", "ispublic": 1, "isfriend": 0, "isfamily": 0}, {"id": "26598198499", "owner": "152842591@N07", "secret": "f118dd3111", "server": "4574", "farm": 5, "title": "000083_2009_Snowy", "ispublic": 1, "isfriend": 0, "isfamily": 0}, {"id": "38343706372", "owner": "68787464@N02", "secret": "291afbb2c8", "server": "4520", "farm": 5, "title": "Naughty weather", "ispublic": 1, "isfriend": 0, "isfamily": 0}, {"id": "38373349981", "owner": "153014070@N02", "secret": "725e7690b6", "server": "4516", "farm": 5, "title": "Frozen Lake", "ispublic": 1, "isfriend": 0, "isfamily": 0}, {"id": "38373328911", "owner": "153014070@N02", "secret": "72683f1f85", "server": "4516", "farm": 5, "title": "IMG_0064", "ispublic": 1, "isfriend": 0, "isfamily": 0}, {"id": "38373327141", "owner": "153014070@N02", "secret": "091ed569f2", "server": "4515", "farm": 5, "title": "Islands In Ice", "ispublic": 1, "isfriend": 0, "isfamily": 0}, {"id": "37659502154", "owner": "153014070@N02", "secret": "2bdd62804d", "server": "4552", "farm": 5, "title": "IMG_0047 (1)", "ispublic": 1, "isfriend": 0, "isfamily": 0}, {"id": "38343118482", "owner": "77979776@N05", "secret": "e7eb066fb9", "server": "4560", "farm": 5, "title": "20171113-a9-sumi0007", "ispublic": 1, "isfriend": 0, "isfamily": 0}, {"id": "38373201411", "owner": "64095213@N00", "secret": "0391921c10", "server": "4527", "farm": 5, "title": "A ptarmigan watches Sonny pass", "ispublic": 1, "isfriend": 0, "isfamily": 0}, {"id": "38373188021", "owner": "64095213@N00", "secret": "0f63129dae", "server": "4566", "farm": 5, "title": "A ptarmigan watches Sonny pass", "ispublic": 1, "isfriend": 0, "isfamily": 0}, {"id": "38343058682", "owner": "64095213@N00", "secret": "6f8e5660b1", "server": "4570", "farm": 5, "title": "Elbow Lake", "ispublic": 1, "isfriend": 0, "isfamily": 0}, {"id": "38318273236", "owner": "42852999@N04", "secret": "1a68fd3fa1", "server": "4565", "farm": 5, "title": "First snow", "ispublic": 1, "isfriend": 0, "isfamily": 0}, {"id": "38373156261", "owner": "42852999@N04", "secret": "7095b393ce", "server": "4570", "farm": 5, "title": "First snow", "ispublic": 1, "isfriend": 0, "isfamily": 0}, {"id": "37659385184", "owner": "42852999@N04", "secret": "08f1fd0a38", "server": "4561", "farm": 5, "title": "First snow", "ispublic": 1, "isfriend": 0, "isfamily": 0}, {"id": "38343054782", "owner": "64095213@N00", "secret": "0acd6a85ee", "server": "4537", "farm": 5, "title": "Elbow Lake", "ispublic": 1, "isfriend": 0, "isfamily": 0}, {"id": "38343049412", "owner": "64095213@N00", "secret": "c1d1001e19", "server": "4585", "farm": 5, "title": "Excellent ski conditions!", "ispublic": 1, "isfriend": 0, "isfamily": 0}, {"id": "37659361594", "owner": "64095213@N00", "secret": "7b3e38b17c", "server": "4554", "farm": 5, "title": "Rae glacier would be on the right", "ispublic": 1, "isfriend": 0, "isfamily": 0}, {"id": "37659348454", "owner": "64095213@N00", "secret": "fa8e26206e", "server": "4518", "farm": 5, "title": "Rae glacier would be on the right", "ispublic": 1, "isfriend": 0, "isfamily": 0}, {"id": "37659332974", "owner": "64095213@N00", "secret": "5aa83163a6", "server": "4561", "farm": 5, "title": "Skiing above Elbow Lake", "ispublic": 1, "isfriend": 0, "isfamily": 0}, {"id": "24502712098", "owner": "64095213@N00", "secret": "36036fa3ec", "server": "4527", "farm": 5, "title": "Skiing above Elbow Lake", "ispublic": 1, "isfriend": 0, "isfamily": 0}, {"id": "24502708088", "owner": "64095213@N00", "secret": "aa738285ec", "server": "4563", "farm": 5, "title": "Skiing back down to Elbow Lake", "ispublic": 1, "isfriend": 0, "isfamily": 0}]}, "stat": "ok"}, "https://api.flickr.com/services/rest/format-json_method-flickr.photos.search_per_page-50_tag_mode-all_tags-mountains": {"photos": {"page": 1, "pages": 5757, "perpage": 50, "total": "287808", "photo": [{"id": "38375365491", "owner": "113186916@N07", "secret": "b93d630984", "server": "4564", "farm": 5, "title": "Sunset over Pend Oreille", "ispublic": 1, "isfriend": 0, "isfamily": 0}, {"id": "26599525549", "owner": "152551728@N02", "secret": "9256fd2820", "server": "4519", "farm": 5, "title": "Sky Valley Sunset", "ispublic": 1, "isfriend": 0, "isfamily": 0}, {"id": "38375137721", "owner": "38935470@N07", "secret": "d57b80f632", "server": "4572", "farm": 5, "title": "DSE_4026", "ispublic": 1, "isfriend": 0, "isfamily": 0}, {"id": "37660988204", "owner": "38935470@N07", "secret": "c44cea8980", "server": "4545", "farm": 5, "title": "DSE_4033", "ispublic": 1, "isfriend": 0, "isfamily": 0}, {"id": "26599521169", "owner": "38935470@N07", "secret": "ea4d4ca2bb", "server": "4544", "farm": 5, "title": "DSE_4029", "ispublic": 1, "isfriend": 0, "isfamily": 0}, {"id": "37660987784", "owner": "38935470@N07", "secret": "faaf76628e", "server": "4519", "farm": 5, "title": "DSE_4038", "ispublic": 1, "isfriend": 0, "isfamily": 0}, {"id": "26599520239", "owner": "38935470@N07", "secret": "4f2f353c4c", "server": "4523", "farm": 5, "title": "DSE_4046", "ispublic": 1, "isfriend": 0, "isfamily": 0}, {"id": "37660987384", "owner": "38935470@N07", "secret": "67d044f3c7", "server": "4544", "farm": 5, "title": "DSE_4053", "ispublic": 1, "isfriend": 0, "isfamily": 0}, {"id": "26599519559", "owner": "38935470@N07", "secret": "48883bfbc5", "server": "4583", "farm": 5, "title": "DSE_4102", "ispublic": 1, "isfriend": 0, "isfamily": 0}, {"id": "37660986704", "owner": "38935470@N07", "secret": "0bd0c65bd8", "server": "4539", "farm": 5, "title": "DSE_4144", "ispublic": 1, "isfriend": 0, "isfamily": 0}, {"id": "26599518899", "owner": "38935470@N07", "secret": "da2f2eee65", "server": "4563", "farm": 5, "title": "DSE_3500 Panorama", "ispublic": 1, "isfriend": 0, "isfamily": 0}, {"id": "37660986154", "owner": "38935470@N07", "secret": "8cdd440d1c", "server": "4538", "farm": 5, "title": "DSE_3509", "ispublic": 1, "isfriend": 0, "isfamily": 0}, {"id": "26599517879", "owner": "38935470@N07", "secret": "1419bdbeed", "server": "4577", "farm": 5, "title": "DSE_3513", "ispublic": 1, "isfriend": 0, "isfamily": 0}, {"id": "37660985634", "owner": "38935470@N07", "secret": "a6511318cf", "server": "4542", "farm": 5, "title": "DSE_3594 Panorama", "ispublic": 1, "isfriend": 0, "isfamily": 0}, {"id": "26599517369", "owner": "38935470@N07", "secret": "6754474e12", "server": "4536", "farm": 5, "title": "DSE_3606", "ispublic": 1, "isfriend": 0, "isfamily": 0}, {"id": "37660984874", "owner": "38935470@N07", "secret": "85a12e7334", "server": "4515", "farm": 5, "title": "DSE_3652 Panorama", "ispublic": 1, "isfriend": 0, "isfamily": 0}, {"id": "26599516789", "owner": "38935470@N07", "secret": "7a9a4bd222", "server": "4552", "farm": 5, "title": "DSE_3666", "ispublic": 1, "isfriend": 0, "isfamily": 0}, {"id": "37660984244", "owner": "38935470@N07", "secret": "61412fd797", "server": "4562", "farm": 5, "title": "DSE_3667", "ispublic": 1, "isfriend": 0, "isfamily": 0}, {"id": "26599516209", "owner": "38935470@N07", "secret": "2c69c0c709", "server": "4518", "farm": 5, "title": "DSE_3703", "ispublic": 1, "isfriend": 0, "isfamily": 0}, {"id": "37660983674", "owner": "38935470@N07", "secret": "8ddf6a65ba", "server": "4529", "farm": 5, "title": "DSE_3721", "ispublic": 1, "isfriend": 0, "isfamily": 0}, {"id": "26599515719", "owner": "38935470@N07", "secret": "54e120b8d4", "server": "4548", "farm": 5, "title": "DSE_3732", "ispublic": 1, "isfriend": 0, "isfamily": 0}, {"id": "38344913492", "owner": "38935470@N07", "secret": "1ca4a3cb0f", "server": "4555", "farm": 5, "title": "DSE_3741", "ispublic": 1, "isfriend": 0, "isfamily": 0}, {"id": "26599515309", "owner": "38935470@N07", "secret": "dcb41bfb24", "server": "4524", "farm": 5, "title": "DSE_3744", "ispublic": 1, "isfriend": 0, "isfamily": 0}, {"id": "38344912372", "owner": "38935470@N07", "secret": "daa8c67fd9", "server": "4569", "farm": 5, "title": "DSE_3750", "ispublic": 1, "isfriend": 0, "isfamily": 0}, {"id": "26599514539", "owner": "38935470@N07", "secret": "b173633fe9", "server": "4524", "farm": 5, "title": "DSE_3756", "ispublic": 1, "isfriend": 0, "isfamily": 0}, {"id": "38344911382", "owner": "38935470@N07", "secret": "2184857790", "server": "4563", "farm": 5, "title": "DSE_3810", "ispublic": 1, "isfriend": 0, "isfamily": 0}, {"id": "26599513899", "owner": "38935470@N07", "secret": "91fc172514", "server": "4572", "farm": 5, "title": "DSE_3818 Panorama", "ispublic": 1, "isfriend": 0, "isfamily": 0}, {"id": "38375129661", "owner": "38935470@N07", "secret": "176ee1676c", "server": "4570", "farm": 5, "title": "DSE_3849 Panorama", "ispublic": 1, "isfriend": 0, "isfamily": 0}, {"id": "26599512879", "owner": "38935470@N07", "secret": "e737ce147e", "server": "4535", "farm": 5, "title": "DSE_3860", "ispublic": 1, "isfriend": 0, "isfamily": 0}, {"id": "38375129021", "owner": "38935470@N07", "secret": "52a68cd719", "server": "4532", "farm": 5, "title": "DSE_3881-HDR", "ispublic": 1, "isfriend": 0, "isfamily": 0}, {"id": "26599511909", "owner": "38935470@N07", "secret": "627933b6a5", "server": "4526", "farm": 5, "title": "DSE_3888 Panorama", "ispublic": 1, "isfriend": 0, "isfamily": 0}, {"id": "24504573058", "owner": "38935470@N07", "secret": "d14d605df9", "server": "4583", "farm": 5, "title": "DSE_3910 Panorama", "ispublic": 1, "isfriend": 0, "isfamily": 0}, {"id": "26599509389", "owner": "38935470@N07", "secret": "6ba57af648", "server": "4547", "farm": 5, "title": "DSE_3927", "ispublic": 1, "isfriend": 0, "isfamily": 0}, {"id": "24504571868", "owner": "38935470@N07", "secret": "499c865d89", "server": "4558", "farm": 5, "title": "DSE_3933 Panorama", "ispublic": 1, "isfriend": 0, "isfamily": 0}, {"id": "26599507319", "owner": "38935470@N07", "secret": "46c0bf93d2", "server": "4580", "farm": 5, "title": "DSE_3954-Pano", "ispublic": 1, "isfriend": 0, "isfamily": 0}, {"id": "24504570638", "owner": "38935470@N07", "secret": "ea734c8c9e", "server": "4537", "farm": 5, "title": "DSE_3979", "ispublic": 1, "isfriend": 0, "isfamily": 0}, {"id": "38375125291", "owner": "38935470@N07", "secret": "efe8e1b64a", "server": "4579", "farm": 5, "title": "DSE_4012", "ispublic": 1, "isfriend": 0, "isfamily": 0}, {"id": "26599506639", "owner": "38935470@N07", "secret": "16a798b168", "server": "4554", "farm": 5, "title": "DSE_4004", "ispublic": 1, "isfriend": 0, "isfamily": 0}, {"id": "26599137809", "owner": "133602098@N02", "secret": "d04c065c61", "server": "4545", "farm": 5, "title": "go wild, for a while.", "ispublic": 1, "isfriend": 0, "isfamily": 0}, {"id": "38374835351", "owner": "25621285@N06", "secret": "75a3a9a003", "server": "4523", "farm": 5, "title": "Highway 89A", "ispublic": 1, "isfriend": 0, "isfamily": 0}, {"id": "38344577612", "owner": "54549270@N03", "secret": "d1d9303dbc", "server": "4585", "farm": 5, "title": "Phainopepla ~ female, 'head shot'", "ispublic": 1, "isfriend": 0, "isfamily": 0}, {"id": "38344576582", "owner": "54549270@N03", "secret": "163da758f0", "server": "4556", "farm": 5, "title": "Lewis's Woodpecker ~(Melanerpes lewis)", "ispublic": 1, "isfriend": 0, "isfamily": 0}, {"id": "38344574002", "owner": "54549270@N03", "secret": "11fc7797bc", "server": "4576", "farm": 5, "title": "White-headed Woodpecker ~(Picoides albolarvatus)", "ispublic": 1, "isfriend": 0, "isfamily": 0}, {"id": "26599103939", "owner": "98557023@N07", "secret": "6ff2414439", "server": "4555", "farm": 5, "title": "JO Hiking Khushuut Valley Western Mongolia DSC_5878", "ispublic": 1, "isfriend": 0, "isfamily": 0}, {"id": "38344414012", "owner": "54326314@N06", "secret": "2bac7cc40b", "server": "4526", "farm": 5, "title": "Howe Sound Clouds", "ispublic": 1, "isfriend": 0, "isfamily": 0}, {"id": "38319674166", "owner": "69163367@N03", "secret": "8a78b95dc9", "server": "4539", "farm": 5, "title": "A view from Vigur Island", "ispublic": 1, "isfriend": 0, "isfamily": 0}, {"id": "38344224612", "owner": "136448633@N07", "secret": "65741d7bed", "server": "4516", "farm": 5, "title": "Awaiting The First Snow Fall", "ispublic": 1, "isfriend": 0, "isfamily": 0}, {"id": "38319516256", "owner": "70292641@N02", "secret": "19e4513839", "server": "4535", "farm": 5, "title": "White-tailed Deer", "ispublic": 1, "isfriend": 0, "isfamily": 0}, {"id": "37660284964", "owner": "135745353@N03", "secret": "48f7f25cbb", "server": "4542", "farm": 5, "title": "Kiteboarding on Skaha Lake III", "ispublic": 1, "isfriend": 0, "isfamily": 0}, {"id": "24503798128", "owner": "135745353@N03", "secret": "c63a4e0729", "server": "4567", "farm": 5, "title": "Kiteboarding on Skaha Lake II", "ispublic": 1, "isfriend": 0, "isfamily": 0}]}, "stat": "ok"}, "https://api.flickr.com/services/rest/format-json_method-flickr.photos.search_per_page-112_tag_mode-all_tags-summer 2013": {"photos": {"page": 1, "pages": 693, "perpage": 112, "total": "77560", "photo": [{"id": "37583426376", "owner": "94921904@N03", "secret": "9fb07a3b1f", "server": "4455", "farm": 5, "title": "Cygnus, Stanilands, Thorne", "ispublic": 1, "isfriend": 0, "isfamily": 0}, {"id": "36921801124", "owner": "94921904@N03", "secret": "b32a03e3b7", "server": "4444", "farm": 5, "title": "Cygnus stern", "ispublic": 1, "isfriend": 0, "isfamily": 0}, {"id": "37632408621", "owner": "94921904@N03", "secret": "09b7fdd01f", "server": "4450", "farm": 5, "title": "Cygnus in Stanilands open air dry dock", "ispublic": 1, "isfriend": 0, "isfamily": 0}, {"id": "36788807294", "owner": "96271119@N03", "secret": "5ff6e23804", "server": "4497", "farm": 5, "title": "summer2013 192", "ispublic": 1, "isfriend": 0, "isfamily": 0}, {"id": "36829672043", "owner": "96271119@N03", "secret": "db9c4328dd", "server": "4500", "farm": 5, "title": "summer2013 197", "ispublic": 1, "isfriend": 0, "isfamily": 0}, {"id": "36747691873", "owner": "159081228@N08", "secret": "59037bfd14", "server": "4421", "farm": 5, "title": "9523650341", "ispublic": 1, "isfriend": 0, "isfamily": 0}, {"id": "37182383942", "owner": "81926941@N00", "secret": "46eb7c3baf", "server": "4351", "farm": 5, "title": "At the seaside", "ispublic": 1, "isfriend": 0, "isfamily": 0}, {"id": "37211841151", "owner": "81926941@N00", "secret": "2f80819966", "server": "4391", "farm": 5, "title": "At the seaside", "ispublic": 1, "isfriend": 0, "isfamily": 0}, {"id": "36937299380", "owner": "81926941@N00", "secret": "327b269976", "server": "4420", "farm": 5, "title": "At the seaside", "ispublic": 1, "isfriend": 0, "isfamily": 0}, {"id": "37143925686", "owner": "81926941@N00", "secret": "1437955015", "server": "4380", "farm": 5, "title": "At the seaside", "ispublic": 1, "isfriend": 0, "isfamily": 0}, {"id": "36937296720", "owner": "81926941@N00", "secret": "145a60354d", "server": "4414", "farm": 5, "title": "At the seaside", "ispublic": 1, "isfriend": 0, "isfamily": 0}, {"id": "37145083671", "owner": "159388015@N07", "secret": "3c18fe553b", "server": "4417", "farm": 5, "title": "Summer2013 286", "ispublic": 1, "isfriend": 0, "isfamily": 0}, {"id": "36450104124", "owner": "159388015@N07", "secret": "91911b0d48", "server": "4337", "farm": 5, "title": "Summer2013 222", "ispublic": 1, "isfriend": 0, "isfamily": 0}, {"id": "37287876785", "owner": "159388015@N07", "secret": "418591fc24", "server": "4413", "farm": 5, "title": "Summer2013 186", "ispublic": 1, "isfriend": 0, "isfamily": 0}, {"id": "36667342621", "owner": "69574517@N06", "secret": "fc69f68a3c", "server": "4359", "farm": 5, "title": "", "ispublic": 1, "isfriend": 0, "isfamily": 0}, {"id": "36731701496", "owner": "94895625@N04", "secret": "4b05ec8c0e", "server": "4416", "farm": 5, "title": "Traditional house", "ispublic": 1, "isfriend": 0, "isfamily": 0}, {"id": "35944253244", "owner": "94895625@N04", "secret": "1379d3f5f6", "server": "4363", "farm": 5, "title": "Horses", "ispublic": 1, "isfriend": 0, "isfamily": 0}, {"id": "35944246294", "owner": "94895625@N04", "secret": "d143c62f62", "server": "4370", "farm": 5, "title": "Valsertal", "ispublic": 1, "isfriend": 0, "isfamily": 0}, {"id": "36731675076", "owner": "94895625@N04", "secret": "eff91b51ba", "server": "4416", "farm": 5, "title": "Valsertal", "ispublic": 1, "isfriend": 0, "isfamily": 0}, {"id": "36731668726", "owner": "94895625@N04", "secret": "7c94d25f85", "server": "4378", "farm": 5, "title": "Valsertal", "ispublic": 1, "isfriend": 0, "isfamily": 0}, {"id": "36608862502", "owner": "94895625@N04", "secret": "67d38282e9", "server": "4362", "farm": 5, "title": "Valsertal", "ispublic": 1, "isfriend": 0, "isfamily": 0}, {"id": "36639697451", "owner": "94895625@N04", "secret": "527c00f210", "server": "4409", "farm": 5, "title": "Valsertal", "ispublic": 1, "isfriend": 0, "isfamily": 0}, {"id": "36778951385", "owner": "94895625@N04", "secret": "97d985212e", "server": "4355", "farm": 5, "title": "Valsertal", "ispublic": 1, "isfriend": 0, "isfamily": 0}, {"id": "36778945245", "owner": "94895625@N04", "secret": "b711016af2", "server": "4344", "farm": 5, "title": "Valsertal", "ispublic": 1, "isfriend": 0, "isfamily": 0}, {"id": "36778938825", "owner": "94895625@N04", "secret": "8f6f21d5e2", "server": "4433", "farm": 5, "title": "Windows of a traditional house", "ispublic": 1, "isfriend": 0, "isfamily": 0}, {"id": "36778929325", "owner": "94895625@N04", "secret": "5749b363aa", "server": "4396", "farm": 5, "title": "Little Church in Valsertal", "ispublic": 1, "isfriend": 0, "isfamily": 0}, {"id": "36731628586", "owner": "94895625@N04", "secret": "0acd90c943", "server": "4344", "farm": 5, "title": "Valsertal", "ispublic": 1, "isfriend": 0, "isfamily": 0}, {"id": "36778917895", "owner": "94895625@N04", "secret": "a9d095d03e", "server": "4332", "farm": 5, "title": "Valsertal", "ispublic": 1, "isfriend": 0, "isfamily": 0}, {"id": "35969925193", "owner": "94895625@N04", "secret": "a8c5362f54", "server": "4341", "farm": 5, "title": "Woods", "ispublic": 1, "isfriend": 0, "isfamily": 0}, {"id": "36778905695", "owner": "94895625@N04", "secret": "c9218dbd97", "server": "4360", "farm": 5, "title": "Pustertal", "ispublic": 1, "isfriend": 0, "isfamily": 0}, {"id": "35969902643", "owner": "94895625@N04", "secret": "8368fb844f", "server": "4415", "farm": 5, "title": "Pustertal", "ispublic": 1, "isfriend": 0, "isfamily": 0}, {"id": "36608774792", "owner": "94895625@N04", "secret": "be20b5c29d", "server": "4356", "farm": 5, "title": "Crops", "ispublic": 1, "isfriend": 0, "isfamily": 0}, {"id": "36775277125", "owner": "69574517@N06", "secret": "5a61df8ba4", "server": "4397", "farm": 5, "title": "", "ispublic": 1, "isfriend": 0, "isfamily": 0}, {"id": "36635895801", "owner": "69574517@N06", "secret": "ce3269ff69", "server": "4352", "farm": 5, "title": "", "ispublic": 1, "isfriend": 0, "isfamily": 0}, {"id": "36365399420", "owner": "156698219@N03", "secret": "04cd1b234c", "server": "4366", "farm": 5, "title": "Eleni Bastea", "ispublic": 1, "isfriend": 0, "isfamily": 0}, {"id": "36584946151", "owner": "156718209@N08", "secret": "4dc1e5da87", "server": "4397", "farm": 5, "title": "Summer 2013 Ground Hog", "ispublic": 1, "isfriend": 0, "isfamily": 0}, {"id": "36653672995", "owner": "106313684@N04", "secret": "2c8681a9e5", "server": "4364", "farm": 5, "title": "28583606434_b51b93bf44_o", "ispublic": 1, "isfriend": 0, "isfamily": 0}, {"id": "36607293496", "owner": "106313684@N04", "secret": "54afc736e5", "server": "4423", "farm": 5, "title": "28918156840_94883f1e82_o", "ispublic": 1, "isfriend": 0, "isfamily": 0}, {"id": "36607293046", "owner": "106313684@N04", "secret": "bd9b66c893", "server": "4389", "farm": 5, "title": "28918158010_9d5debbeca_o", "ispublic": 1, "isfriend": 0, "isfamily": 0}, {"id": "36607292476", "owner": "106313684@N04", "secret": "f13fbe0f89", "server": "4439", "farm": 5, "title": "28918159430_370b7f0cae_o", "ispublic": 1, "isfriend": 0, "isfamily": 0}, {"id": "36484470372", "owner": "106313684@N04", "secret": "72fdaae255", "server": "4438", "farm": 5, "title": "29171969336_d90014a40b_o", "ispublic": 1, "isfriend": 0, "isfamily": 0}, {"id": "35731056072", "owner": "51325419@N02", "secret": "58c4ccce69", "server": "4218", "farm": 5, "title": "Peony 2", "ispublic": 1, "isfriend": 0, "isfamily": 0}, {"id": "35787852785", "owner": "69574517@N06", "secret": "2e17f4446b", "server": "4113", "farm": 5, "title": "", "ispublic": 1, "isfriend": 0, "isfamily": 0}, {"id": "35787810055", "owner": "69574517@N06", "secret": "bbb88be7d4", "server": "4254", "farm": 5, "title": "", "ispublic": 1, "isfriend": 0, "isfamily": 0}, {"id": "35787799505", "owner": "69574517@N06", "secret": "5feab14b23", "server": "4261", "farm": 5, "title": "", "ispublic": 1, "isfriend": 0, "isfamily": 0}, {"id": "35735832375", "owner": "107732973@N05", "secret": "f29af6999a", "server": "4089", "farm": 5, "title": "Big Tree Inn", "ispublic": 1, "isfriend": 0, "isfamily": 0}, {"id": "35542102381", "owner": "126608955@N07", "secret": "31e218040f", "server": "4144", "farm": 5, "title": "Tropical", "ispublic": 1, "isfriend": 0, "isfamily": 0}, {"id": "35672475695", "owner": "126608955@N07", "secret": "806afa6f68", "server": "4132", "farm": 5, "title": "Tropical", "ispublic": 1, "isfriend": 0, "isfamily": 0}, {"id": "35672465635", "owner": "126608955@N07", "secret": "d078246d0a", "server": "4285", "farm": 5, "title": "Tropical", "ispublic": 1, "isfriend": 0, "isfamily": 0}, {"id": "34831400574", "owner": "126608955@N07", "secret": "46446e268a", "server": "4265", "farm": 5, "title": "Tropical", "ispublic": 1, "isfriend": 0, "isfamily": 0}, {"id": "35542048751", "owner": "126608955@N07", "secret": "f79633bcb1", "server": "4098", "farm": 5, "title": "Tropical", "ispublic": 1, "isfriend": 0, "isfamily": 0}, {"id": "35542034741", "owner": "126608955@N07", "secret": "4c681cc8d6", "server": "4214", "farm": 5, "title": "Tropical", "ispublic": 1, "isfriend": 0, "isfamily": 0}, {"id": "35672385875", "owner": "126608955@N07", "secret": "18642cfea8", "server": "4015", "farm": 5, "title": "Tropical", "ispublic": 1, "isfriend": 0, "isfamily": 0}, {"id": "34863198063", "owner": "126608955@N07", "secret": "ed1c200bd8", "server": "4242", "farm": 5, "title": "Tropical", "ispublic": 1, "isfriend": 0, "isfamily": 0}, {"id": "35467904352", "owner": "107732973@N05", "secret": "bf8d23cb8b", "server": "4263", "farm": 5, "title": "Big Tree Inn", "ispublic": 1, "isfriend": 0, "isfamily": 0}, {"id": "34462927570", "owner": "69090605@N06", "secret": "861a2771d9", "server": "4272", "farm": 5, "title": "Egrets, Bombay Hook NWR", "ispublic": 1, "isfriend": 0, "isfamily": 0}, {"id": "34414237200", "owner": "150425353@N05", "secret": "6ab266389d", "server": "4155", "farm": 5, "title": "Summer 2013 001", "ispublic": 1, "isfriend": 0, "isfamily": 0}, {"id": "34800286025", "owner": "150425353@N05", "secret": "641aa301b3", "server": "4199", "farm": 5, "title": "Summer 2013 002", "ispublic": 1, "isfriend": 0, "isfamily": 0}, {"id": "33957373504", "owner": "150425353@N05", "secret": "0eaf7c2127", "server": "4181", "farm": 5, "title": "Summer 2013 003", "ispublic": 1, "isfriend": 0, "isfamily": 0}, {"id": "34800282475", "owner": "150425353@N05", "secret": "00053217f9", "server": "4171", "farm": 5, "title": "Summer 2013 004", "ispublic": 1, "isfriend": 0, "isfamily": 0}, {"id": "34800279275", "owner": "150425353@N05", "secret": "7c8edf15a9", "server": "4272", "farm": 5, "title": "Summer 2013 005", "ispublic": 1, "isfriend": 0, "isfamily": 0}, {"id": "33957372154", "owner": "150425353@N05", "secret": "5a104bc9f1", "server": "4191", "farm": 5, "title": "Summer 2013 006", "ispublic": 1, "isfriend": 0, "isfamily": 0}, {"id": "34800271505", "owner": "150425353@N05", "secret": "b10472f351", "server": "4183", "farm": 5, "title": "Summer 2013 007", "ispublic": 1, "isfriend": 0, "isfamily": 0}, {"id": "33957370444", "owner": "150425353@N05", "secret": "fcba99aee4", "server": "4188", "farm": 5, "title": "Summer 2013 008", "ispublic": 1, "isfriend": 0, "isfamily": 0}, {"id": "34637832942", "owner": "150425353@N05", "secret": "9e4b7fc400", "server": "4270", "farm": 5, "title": "Summer 2013 009", "ispublic": 1, "isfriend": 0, "isfamily": 0}, {"id": "33957369574", "owner": "150425353@N05", "secret": "dfaa161964", "server": "4157", "farm": 5, "title": "Summer 2013 010", "ispublic": 1, "isfriend": 0, "isfamily": 0}, {"id": "33990689923", "owner": "150425353@N05", "secret": "ed0a48f31f", "server": "4224", "farm": 5, "title": "Summer 2013 011", "ispublic": 1, "isfriend": 0, "isfamily": 0}, {"id": "33990688673", "owner": "150425353@N05", "secret": "e47e4dd43b", "server": "4221", "farm": 5, "title": "Summer 2013 012", "ispublic": 1, "isfriend": 0, "isfamily": 0}, {"id": "33990687163", "owner": "150425353@N05", "secret": "023fc62061", "server": "4184", "farm": 5, "title": "Summer 2013 013", "ispublic": 1, "isfriend": 0, "isfamily": 0}, {"id": "33990685323", "owner": "150425353@N05", "secret": "d85e86ab15", "server": "4186", "farm": 5, "title": "Summer 2013 016", "ispublic": 1, "isfriend": 0, "isfamily": 0}, {"id": "33990683023", "owner": "150425353@N05", "secret": "71908a3c1a", "server": "4167", "farm": 5, "title": "Summer 2013 017", "ispublic": 1, "isfriend": 0, "isfamily": 0}, {"id": "34273463190", "owner": "150642923@N05", "secret": "81548b27ca", "server": "4165", "farm": 5, "title": "Summer 2013 179", "ispublic": 1, "isfriend": 0, "isfamily": 0}, {"id": "34618114526", "owner": "150642923@N05", "secret": "113305ab8c", "server": "4182", "farm": 5, "title": "Summer 2013 162", "ispublic": 1, "isfriend": 0, "isfamily": 0}, {"id": "34618113606", "owner": "150642923@N05", "secret": "d5c91682dc", "server": "4172", "farm": 5, "title": "Summer 2013 154", "ispublic": 1, "isfriend": 0, "isfamily": 0}, {"id": "34618112796", "owner": "150642923@N05", "secret": "0a698b9679", "server": "4183", "farm": 5, "title": "Summer 2013 123", "ispublic": 1, "isfriend": 0, "isfamily": 0}, {"id": "34528155551", "owner": "150642923@N05", "secret": "8ccf5976ba", "server": "4189", "farm": 5, "title": "Summer 2013 121", "ispublic": 1, "isfriend": 0, "isfamily": 0}, {"id": "34212658051", "owner": "126608955@N07", "secret": "5f3275c4fd", "server": "2841", "farm": 3, "title": "- the Greek style -", "ispublic": 1, "isfriend": 0, "isfamily": 0}, {"id": "34100798141", "owner": "69574517@N06", "secret": "b8556b6c7e", "server": "2922", "farm": 3, "title": "", "ispublic": 1, "isfriend": 0, "isfamily": 0}, {"id": "33345537343", "owner": "134872460@N03", "secret": "c2a5aa6ca9", "server": "2822", "farm": 3, "title": "", "ispublic": 1, "isfriend": 0, "isfamily": 0}, {"id": "33683389242", "owner": "44124400268@N01", "secret": "0fd1c422c3", "server": "2887", "farm": 3, "title": "Woman Sitting In Lawn Chair", "ispublic": 1, "isfriend": 0, "isfamily": 0}, {"id": "33604565216", "owner": "148957255@N08", "secret": "2935a9d0cd", "server": "3715", "farm": 4, "title": "Jelly Fish", "ispublic": 1, "isfriend": 0, "isfamily": 0}, {"id": "33552286316", "owner": "44124400268@N01", "secret": "455154a2fd", "server": "3855", "farm": 4, "title": "Vintage Red Car And Dirt Road", "ispublic": 1, "isfriend": 0, "isfamily": 0}, {"id": "33428773685", "owner": "152773570@N03", "secret": "bdf08338cb", "server": "3929", "farm": 4, "title": "Mockingbird Fledgling", "ispublic": 1, "isfriend": 0, "isfamily": 0}, {"id": "33109542462", "owner": "21199434@N05", "secret": "8b4289de92", "server": "3710", "farm": 4, "title": "Lituania 2013", "ispublic": 1, "isfriend": 0, "isfamily": 0}, {"id": "33109528922", "owner": "21199434@N05", "secret": "c989f07333", "server": "647", "farm": 1, "title": "Lituania 2013", "ispublic": 1, "isfriend": 0, "isfamily": 0}, {"id": "32450827203", "owner": "21199434@N05", "secret": "26527c8858", "server": "2853", "farm": 3, "title": "Lituania 2013", "ispublic": 1, "isfriend": 0, "isfamily": 0}, {"id": "33137068191", "owner": "21199434@N05", "secret": "41f3da697b", "server": "576", "farm": 1, "title": "Lituania 2013", "ispublic": 1, "isfriend": 0, "isfamily": 0}, {"id": "33109489602", "owner": "21199434@N05", "secret": "2877ab0f30", "server": "759", "farm": 1, "title": "Lituania 2013", "ispublic": 1, "isfriend": 0, "isfamily": 0}, {"id": "32422003914", "owner": "21199434@N05", "secret": "cb262eae12", "server": "2917", "farm": 3, "title": "Lituania 2013", "ispublic": 1, "isfriend": 0, "isfamily": 0}, {"id": "33265343685", "owner": "21199434@N05", "secret": "9bac5e40de", "server": "589", "farm": 1, "title": "Lituania 2013", "ispublic": 1, "isfriend": 0, "isfamily": 0}, {"id": "32450748013", "owner": "21199434@N05", "secret": "722d8ce2f0", "server": "679", "farm": 1, "title": "Lituania 2013", "ispublic": 1, "isfriend": 0, "isfamily": 0}, {"id": "33223726876", "owner": "21199434@N05", "secret": "c6e5ed1545", "server": "3836", "farm": 4, "title": "Lituania 2013", "ispublic": 1, "isfriend": 0, "isfamily": 0}, {"id": "33223695266", "owner": "21199434@N05", "secret": "840770196d", "server": "603", "farm": 1, "title": "Lituania 2013", "ispublic": 1, "isfriend": 0, "isfamily": 0}, {"id": "32421899314", "owner": "21199434@N05", "secret": "5bcbe3548e", "server": "3738", "farm": 4, "title": "Lituania 2013", "ispublic": 1, "isfriend": 0, "isfamily": 0}, {"id": "32450691053", "owner": "21199434@N05", "secret": "f2e851a243", "server": "596", "farm": 1, "title": "Lituania 2013", "ispublic": 1, "isfriend": 0, "isfamily": 0}, {"id": "33223632006", "owner": "21199434@N05", "secret": "b379c0e1d6", "server": "637", "farm": 1, "title": "Lituania 2013", "ispublic": 1, "isfriend": 0, "isfamily": 0}, {"id": "32882358780", "owner": "21199434@N05", "secret": "e5f82b8b49", "server": "661", "farm": 1, "title": "Lituania 2013", "ispublic": 1, "isfriend": 0, "isfamily": 0}, {"id": "33223612916", "owner": "21199434@N05", "secret": "c77fdc3d0b", "server": "776", "farm": 1, "title": "Lituania 2013", "ispublic": 1, "isfriend": 0, "isfamily": 0}, {"id": "32421830314", "owner": "21199434@N05", "secret": "cdc0999bbc", "server": "705", "farm": 1, "title": "Lituania 2013", "ispublic": 1, "isfriend": 0, "isfamily": 0}, {"id": "32450628203", "owner": "21199434@N05", "secret": "8fb8997d38", "server": "3789", "farm": 4, "title": "Lituania 2013", "ispublic": 1, "isfriend": 0, "isfamily": 0}, {"id": "32882321690", "owner": "21199434@N05", "secret": "8ec94714e2", "server": "738", "farm": 1, "title": "Lituania 2013", "ispublic": 1, "isfriend": 0, "isfamily": 0}, {"id": "32882294310", "owner": "21199434@N05", "secret": "f74cb89fac", "server": "3858", "farm": 4, "title": "Lituania 2013", "ispublic": 1, "isfriend": 0, "isfamily": 0}, {"id": "33223529976", "owner": "21199434@N05", "secret": "b69b2bf08e", "server": "3759", "farm": 4, "title": "Lituania 2013", "ispublic": 1, "isfriend": 0, "isfamily": 0}, {"id": "32882259700", "owner": "21199434@N05", "secret": "a81c183032", "server": "3955", "farm": 4, "title": "Lituania 2013", "ispublic": 1, "isfriend": 0, "isfamily": 0}, {"id": "32421734784", "owner": "21199434@N05", "secret": "8d568b0c49", "server": "3686", "farm": 4, "title": "Lituania 2013", "ispublic": 1, "isfriend": 0, "isfamily": 0}, {"id": "33136754381", "owner": "21199434@N05", "secret": "e71b1a2f75", "server": "3889", "farm": 4, "title": "Lituania 2013", "ispublic": 1, "isfriend": 0, "isfamily": 0}, {"id": "33265114865", "owner": "21199434@N05", "secret": "eac665ac04", "server": "3953", "farm": 4, "title": "Lituania 2013", "ispublic": 1, "isfriend": 0, "isfamily": 0}, {"id": "33265076435", "owner": "21199434@N05", "secret": "4a27455f14", "server": "2918", "farm": 3, "title": "Lituania 2013", "ispublic": 1, "isfriend": 0, "isfamily": 0}, {"id": "32450491523", "owner": "21199434@N05", "secret": "b887970e2e", "server": "778", "farm": 1, "title": "Lituania 2013", "ispublic": 1, "isfriend": 0, "isfamily": 0}, {"id": "32421641194", "owner": "21199434@N05", "secret": "0894a5429b", "server": "645", "farm": 1, "title": "Lituania 2013", "ispublic": 1, "isfriend": 0, "isfamily": 0}, {"id": "32882153870", "owner": "21199434@N05", "secret": "4da74ab6fa", "server": "674", "farm": 1, "title": "Lituania 2013", "ispublic": 1, "isfriend": 0, "isfamily": 0}, {"id": "33136627401", "owner": "21199434@N05", "secret": "ff12511f2d", "server": "3737", "farm": 4, "title": "Lituania 2013", "ispublic": 1, "isfriend": 0, "isfamily": 0}]}, "stat": "ok"}, "https://api.flickr.com/services/rest/format-json_method-flickr.photos.search_per_page-50_tag_mode-all_tags-sunset": {"photos": {"page": 1, "pages": 5178, "perpage": 50, "total": "258855", "photo": [{"id": "38375365491", "owner": "113186916@N07", "secret": "b93d630984", "server": "4564", "farm": 5, "title": "Sunset over Pend Oreille", "ispublic": 1, "isfriend": 0, "isfamily": 0}, {"id": "38375357251", "owner": "45349448@N00", "secret": "6cc31fa6fa", "server": "4525", "farm": 5, "title": "Santa Monica Pier", "ispublic": 1, "isfriend": 0, "isfamily": 0}, {"id": "26599673389", "owner": "25534321@N04", "secret": "a5014f0aec", "server": "4541", "farm": 5, "title": "Flash", "ispublic": 1, "isfriend": 0, "isfamily": 0}, {"id": "38375233621", "owner": "72515579@N03", "secret": "1a9599a25d", "server": "4522", "farm": 5, "title": "Sunset 3", "ispublic": 1, "isfriend": 0, "isfamily": 0}, {"id": "24504676668", "owner": "72515579@N03", "secret": "fdac73fc4f", "server": "4581", "farm": 5, "title": "Sunset 2", "ispublic": 1, "isfriend": 0, "isfamily": 0}, {"id": "26599619399", "owner": "72515579@N03", "secret": "70c5c0363b", "server": "4560", "farm": 5, "title": "Sunset 1", "ispublic": 1, "isfriend": 0, "isfamily": 0}, {"id": "38344956922", "owner": "78032187@N06", "secret": "92bacbefbc", "server": "4560", "farm": 5, "title": "Mountain Rays", "ispublic": 1, "isfriend": 0, "isfamily": 0}, {"id": "24504120208", "owner": "150182357@N06", "secret": "6d5623ecd0", "server": "4572", "farm": 5, "title": "alicia_2", "ispublic": 1, "isfriend": 0, "isfamily": 0}, {"id": "38375182021", "owner": "43162195@N00", "secret": "969b6ab220", "server": "4582", "farm": 5, "title": "sunset", "ispublic": 1, "isfriend": 0, "isfamily": 0}, {"id": "38375181611", "owner": "43162195@N00", "secret": "185319be14", "server": "4586", "farm": 5, "title": "sunset", "ispublic": 1, "isfriend": 0, "isfamily": 0}, {"id": "38375181781", "owner": "43162195@N00", "secret": "ace8a7dbb9", "server": "4542", "farm": 5, "title": "sunset", "ispublic": 1, "isfriend": 0, "isfamily": 0}, {"id": "26599525549", "owner": "152551728@N02", "secret": "9256fd2820", "server": "4519", "farm": 5, "title": "Sky Valley Sunset", "ispublic": 1, "isfriend": 0, "isfamily": 0}, {"id": "38375043971", "owner": "34869895@N06", "secret": "aa1431348f", "server": "4565", "farm": 5, "title": "New York Sunset", "ispublic": 1, "isfriend": 0, "isfamily": 0}, {"id": "26599533429", "owner": "67594876@N08", "secret": "011c9a0fe9", "server": "4578", "farm": 5, "title": "Clouds on fire", "ispublic": 1, "isfriend": 0, "isfamily": 0}, {"id": "37660968964", "owner": "12914838@N00", "secret": "b1f2971bf0", "server": "4536", "farm": 5, "title": "Room with a Sunset.", "ispublic": 1, "isfriend": 0, "isfamily": 0}, {"id": "26599348659", "owner": "27892571@N08", "secret": "0bca14dc29", "server": "4551", "farm": 5, "title": "Various photos", "ispublic": 1, "isfriend": 0, "isfamily": 0}, {"id": "26599345019", "owner": "27892571@N08", "secret": "a073ddf9f8", "server": "4548", "farm": 5, "title": "Various photos", "ispublic": 1, "isfriend": 0, "isfamily": 0}, {"id": "26599341059", "owner": "27892571@N08", "secret": "accdaaf9e8", "server": "4572", "farm": 5, "title": "Various photos", "ispublic": 1, "isfriend": 0, "isfamily": 0}, {"id": "26599337829", "owner": "27892571@N08", "secret": "effa754086", "server": "4572", "farm": 5, "title": "Various photos", "ispublic": 1, "isfriend": 0, "isfamily": 0}, {"id": "37660852944", "owner": "27892571@N08", "secret": "bde9be040c", "server": "4524", "farm": 5, "title": "Various photos", "ispublic": 1, "isfriend": 0, "isfamily": 0}, {"id": "37660849324", "owner": "27892571@N08", "secret": "42994db93e", "server": "4577", "farm": 5, "title": "Various photos", "ispublic": 1, "isfriend": 0, "isfamily": 0}, {"id": "38344738142", "owner": "27892571@N08", "secret": "64afba2f07", "server": "4554", "farm": 5, "title": "Various photos", "ispublic": 1, "isfriend": 0, "isfamily": 0}, {"id": "26599137809", "owner": "133602098@N02", "secret": "d04c065c61", "server": "4545", "farm": 5, "title": "go wild, for a while.", "ispublic": 1, "isfriend": 0, "isfamily": 0}, {"id": "38319722406", "owner": "50381666@N06", "secret": "b298ab567e", "server": "4571", "farm": 5, "title": "Emily Thinking About Life", "ispublic": 1, "isfriend": 0, "isfamily": 0}, {"id": "24504005408", "owner": "106934893@N04", "secret": "1a8be4e07d", "server": "4567", "farm": 5, "title": "Portrait from Gaza", "ispublic": 1, "isfriend": 0, "isfamily": 0}, {"id": "24504004678", "owner": "106934893@N04", "secret": "bc33878f0c", "server": "4534", "farm": 5, "title": "#Gaza - The features of migrations, scars, and pains are all in your old face mother.", "ispublic": 1, "isfriend": 0, "isfamily": 0}, {"id": "24504003928", "owner": "106934893@N04", "secret": "511e12cfd0", "server": "4578", "farm": 5, "title": "Little Princess from Gaza", "ispublic": 1, "isfriend": 0, "isfamily": 0}, {"id": "24504003208", "owner": "106934893@N04", "secret": "9917201ab1", "server": "4580", "farm": 5, "title": "#Gaza - The features of migrations, scars, and pains are all in your old face mother.", "ispublic": 1, "isfriend": 0, "isfamily": 0}, {"id": "24504002568", "owner": "106934893@N04", "secret": "39312822e7", "server": "4533", "farm": 5, "title": "#Gaza - Among the alleys", "ispublic": 1, "isfriend": 0, "isfamily": 0}, {"id": "24504001858", "owner": "106934893@N04", "secret": "5cb1d47bcf", "server": "4522", "farm": 5, "title": "The #Gaza Coast", "ispublic": 1, "isfriend": 0, "isfamily": 0}, {"id": "24504000998", "owner": "106934893@N04", "secret": "0d7a8d563a", "server": "4575", "farm": 5, "title": "Gaza - Go where you find yourself", "ispublic": 1, "isfriend": 0, "isfamily": 0}, {"id": "24504000368", "owner": "106934893@N04", "secret": "8e76ca3bce", "server": "4573", "farm": 5, "title": "I brought you and a basket of roses in my hand", "ispublic": 1, "isfriend": 0, "isfamily": 0}, {"id": "24503999608", "owner": "106934893@N04", "secret": "72c5d4918c", "server": "4566", "farm": 5, "title": "Khan Younis Gaza: Hamad Residential City", "ispublic": 1, "isfriend": 0, "isfamily": 0}, {"id": "38319562476", "owner": "106934893@N04", "secret": "812ba6aac5", "server": "4577", "farm": 5, "title": "Something from Gaza", "ispublic": 1, "isfriend": 0, "isfamily": 0}, {"id": "38319562176", "owner": "106934893@N04", "secret": "e1973e319b", "server": "4518", "farm": 5, "title": "Behind the scenes with the amazing @salbad_free in Gaza", "ispublic": 1, "isfriend": 0, "isfamily": 0}, {"id": "24503997778", "owner": "106934893@N04", "secret": "10112311f9", "server": "4567", "farm": 5, "title": "Palestinian women are the women of earth. And a ray of sunshine doesn't turn off.", "ispublic": 1, "isfriend": 0, "isfamily": 0}, {"id": "24503996548", "owner": "106934893@N04", "secret": "e86066305f", "server": "4518", "farm": 5, "title": "Portrait from Gaza", "ispublic": 1, "isfriend": 0, "isfamily": 0}, {"id": "24503995858", "owner": "106934893@N04", "secret": "55c16e1422", "server": "4540", "farm": 5, "title": "A girl in the #Jabalya refugee camp in Gaza ..", "ispublic": 1, "isfriend": 0, "isfamily": 0}, {"id": "24503995028", "owner": "106934893@N04", "secret": "cc5b78a065", "server": "4535", "farm": 5, "title": "Sunset over Gaza", "ispublic": 1, "isfriend": 0, "isfamily": 0}, {"id": "24503994298", "owner": "106934893@N04", "secret": "54be49b440", "server": "4538", "farm": 5, "title": "#Gaza - Fly like the last birds on earth", "ispublic": 1, "isfriend": 0, "isfamily": 0}, {"id": "24503993388", "owner": "106934893@N04", "secret": "63c676b521", "server": "4543", "farm": 5, "title": "Joyful cry in Gaza", "ispublic": 1, "isfriend": 0, "isfamily": 0}, {"id": "38374447951", "owner": "106934893@N04", "secret": "7ee297989e", "server": "4574", "farm": 5, "title": "Here is life in #Gaza !", "ispublic": 1, "isfriend": 0, "isfamily": 0}, {"id": "24503993778", "owner": "106934893@N04", "secret": "2e531572ac", "server": "4517", "farm": 5, "title": "Overlooking the sea, contemplating the waves as they kiss the shore of Gaza", "ispublic": 1, "isfriend": 0, "isfamily": 0}, {"id": "24503993528", "owner": "106934893@N04", "secret": "8af0d1935f", "server": "4521", "farm": 5, "title": "#Gaza - Running behind a trail of dreams.", "ispublic": 1, "isfriend": 0, "isfamily": 0}, {"id": "38374447871", "owner": "106934893@N04", "secret": "48ee6c8233", "server": "4576", "farm": 5, "title": "Wrinkles In History in Gaza", "ispublic": 1, "isfriend": 0, "isfamily": 0}, {"id": "24503993268", "owner": "106934893@N04", "secret": "cce96be781", "server": "4543", "farm": 5, "title": "No time for forgiveness ..!", "ispublic": 1, "isfriend": 0, "isfamily": 0}, {"id": "38320073106", "owner": "27892571@N08", "secret": "02ff42e46c", "server": "4580", "farm": 5, "title": "Various photos", "ispublic": 1, "isfriend": 0, "isfamily": 0}, {"id": "37660832344", "owner": "27892571@N08", "secret": "a1038954d4", "server": "4549", "farm": 5, "title": "Various photos", "ispublic": 1, "isfriend": 0, "isfamily": 0}, {"id": "37660824794", "owner": "27892571@N08", "secret": "425014d986", "server": "4564", "farm": 5, "title": "Various photos", "ispublic": 1, "isfriend": 0, "isfamily": 0}, {"id": "26599303019", "owner": "27892571@N08", "secret": "126fc90e36", "server": "4569", "farm": 5, "title": "Various photos", "ispublic": 1, "isfriend": 0, "isfamily": 0}]}, "stat": "ok"}, "https://api.flickr.com/services/rest/format-json_method-flickr.photos.search_per_page-50_tag_mode-all_tags-alps": {"photos": {"page": 1, "pages": 22223, "perpage": 50, "total": "1111119", "photo": [{"id": "24503945568", "owner": "79976134@N07", "secret": "2729e3f9e8", "server": "4528", "farm": 5, "title": "SBB Cargo Re482 024-7", "ispublic": 1, "isfriend": 0, "isfamily": 0}, {"id": "26598547529", "owner": "79976134@N07", "secret": "2d174fb855", "server": "4561", "farm": 5, "title": "SBB Cargo Re421 379-9 (Re4/4 III)", "ispublic": 1, "isfriend": 0, "isfamily": 0}, {"id": "26598275099", "owner": "67108829@N03", "secret": "1494cda999", "server": "4527", "farm": 5, "title": "Griante sunrise", "ispublic": 1, "isfriend": 0, "isfamily": 0}, {"id": "38343582172", "owner": "79976134@N07", "secret": "8d68785986", "server": "4527", "farm": 5, "title": "SBB Re6/6 11625", "ispublic": 1, "isfriend": 0, "isfamily": 0}, {"id": "38342499082", "owner": "99230652@N04", "secret": "60b0241be5", "server": "4541", "farm": 5, "title": "Cordevole valley", "ispublic": 1, "isfriend": 0, "isfamily": 0}, {"id": "26596898699", "owner": "124113675@N03", "secret": "17dde9e655", "server": "4576", "farm": 5, "title": "Mountain Refuge", "ispublic": 1, "isfriend": 0, "isfamily": 0}, {"id": "38371661151", "owner": "71615111@N03", "secret": "fbe6a196d8", "server": "4557", "farm": 5, "title": "Layers of Clouds (46/52 - 2017)", "ispublic": 1, "isfriend": 0, "isfamily": 0}, {"id": "38341118822", "owner": "39631091@N03", "secret": "d0e851f281", "server": "4534", "farm": 5, "title": "Feldberg, panorama", "ispublic": 1, "isfriend": 0, "isfamily": 0}, {"id": "38316273386", "owner": "83104346@N00", "secret": "c7ab43a654", "server": "4585", "farm": 5, "title": "IMG_5752", "ispublic": 1, "isfriend": 0, "isfamily": 0}, {"id": "38316273106", "owner": "83104346@N00", "secret": "405f58b7d9", "server": "4567", "farm": 5, "title": "Supersimmetry", "ispublic": 1, "isfriend": 0, "isfamily": 0}, {"id": "24500029368", "owner": "85907303@N08", "secret": "730b6daaa0", "server": "4536", "farm": 5, "title": "Valley Mist", "ispublic": 1, "isfriend": 0, "isfamily": 0}, {"id": "38339213082", "owner": "151534738@N06", "secret": "74b22f1845", "server": "4576", "farm": 5, "title": "Felsbachschlucht", "ispublic": 1, "isfriend": 0, "isfamily": 0}, {"id": "38339114042", "owner": "151534738@N06", "secret": "da83c41674", "server": "4536", "farm": 5, "title": "Felsbachschlucht", "ispublic": 1, "isfriend": 0, "isfamily": 0}, {"id": "38368990041", "owner": "151534738@N06", "secret": "80ebe21064", "server": "4522", "farm": 5, "title": "Crestasee", "ispublic": 1, "isfriend": 0, "isfamily": 0}, {"id": "38338095982", "owner": "151534738@N06", "secret": "babcbc77aa", "server": "4561", "farm": 5, "title": "Flims Mountains", "ispublic": 1, "isfriend": 0, "isfamily": 0}, {"id": "26592994079", "owner": "151534738@N06", "secret": "0e8decf292", "server": "4525", "farm": 5, "title": "Crestasee", "ispublic": 1, "isfriend": 0, "isfamily": 0}, {"id": "38339505762", "owner": "79976134@N07", "secret": "f3beb8dbc1", "server": "4555", "farm": 5, "title": "SBB Re6/6 11632", "ispublic": 1, "isfriend": 0, "isfamily": 0}, {"id": "38315111666", "owner": "138273571@N07", "secret": "b81c3e764d", "server": "4545", "farm": 5, "title": "And now...it's all coverde by the soft white winter clover  #mountains #montagna #nature #paradise #panorama #travel #trekking #outdoor #hiking #trail #summit #view #orobie #hikingtheglobe #italy #earth #peak #climbing #mountaineer #alps #pizzoarera #niko", "ispublic": 1, "isfriend": 0, "isfamily": 0}, {"id": "38339256442", "owner": "63129053@N07", "secret": "3903fb5d89", "server": "4580", "farm": 5, "title": "The great wall of Grandes Jorasses on Mt. Blanc massive", "ispublic": 1, "isfriend": 0, "isfamily": 0}, {"id": "38369868231", "owner": "79976134@N07", "secret": "1ee5ce37ea", "server": "4581", "farm": 5, "title": "SBB FLIRT 520 013-4", "ispublic": 1, "isfriend": 0, "isfamily": 0}, {"id": "24499256648", "owner": "142786026@N07", "secret": "2f85b3dbd3", "server": "4578", "farm": 5, "title": "Le Vercors", "ispublic": 1, "isfriend": 0, "isfamily": 0}, {"id": "26593718909", "owner": "127291109@N08", "secret": "ffb260bbe9", "server": "4548", "farm": 5, "title": "RhB Ge 6/6 II 704 Madulain", "ispublic": 1, "isfriend": 0, "isfamily": 0}, {"id": "24497301208", "owner": "36256393@N04", "secret": "e24cc36f5f", "server": "4567", "farm": 5, "title": "Lucerne, Switzerland from a Cable Car", "ispublic": 1, "isfriend": 0, "isfamily": 0}, {"id": "38337229812", "owner": "36256393@N04", "secret": "37017eb1ff", "server": "4557", "farm": 5, "title": "Lake Lucerne from the side of Mt. Pilatus", "ispublic": 1, "isfriend": 0, "isfamily": 0}, {"id": "26592285639", "owner": "36256393@N04", "secret": "6f31489d39", "server": "4580", "farm": 5, "title": "Cable Car out of the Clouds", "ispublic": 1, "isfriend": 0, "isfamily": 0}, {"id": "38337128682", "owner": "36256393@N04", "secret": "e44a34c06d", "server": "4515", "farm": 5, "title": "Toboggan Run in the Alps", "ispublic": 1, "isfriend": 0, "isfamily": 0}, {"id": "38336923802", "owner": "36256393@N04", "secret": "9fa291f8eb", "server": "4524", "farm": 5, "title": "Swiss Alps", "ispublic": 1, "isfriend": 0, "isfamily": 0}, {"id": "37653832044", "owner": "36256393@N04", "secret": "2d7dde4d83", "server": "4586", "farm": 5, "title": "Socked in on Mt. Pilatus", "ispublic": 1, "isfriend": 0, "isfamily": 0}, {"id": "38312857306", "owner": "36256393@N04", "secret": "c7cc01825a", "server": "4546", "farm": 5, "title": "Top of Mt. Pilatus", "ispublic": 1, "isfriend": 0, "isfamily": 0}, {"id": "38312844486", "owner": "36256393@N04", "secret": "bafb9f7d5d", "server": "4548", "farm": 5, "title": "Mt. Pilatus", "ispublic": 1, "isfriend": 0, "isfamily": 0}, {"id": "38366536921", "owner": "70148269@N00", "secret": "1019ab66b1", "server": "4528", "farm": 5, "title": "Horu show", "ispublic": 1, "isfriend": 0, "isfamily": 0}, {"id": "38335153852", "owner": "67889676@N04", "secret": "da4b131e4d", "server": "4585", "farm": 5, "title": "DSC02071", "ispublic": 1, "isfriend": 0, "isfamily": 0}, {"id": "38365931701", "owner": "67889676@N04", "secret": "9db343ce93", "server": "4558", "farm": 5, "title": "DSC02073", "ispublic": 1, "isfriend": 0, "isfamily": 0}, {"id": "38310932196", "owner": "67889676@N04", "secret": "b9c5f51e66", "server": "4528", "farm": 5, "title": "DSC02076", "ispublic": 1, "isfriend": 0, "isfamily": 0}, {"id": "38310919206", "owner": "67889676@N04", "secret": "4d86bbd2b3", "server": "4577", "farm": 5, "title": "DSC02077", "ispublic": 1, "isfriend": 0, "isfamily": 0}, {"id": "38310903436", "owner": "67889676@N04", "secret": "b0691fee51", "server": "4525", "farm": 5, "title": "DSC02081", "ispublic": 1, "isfriend": 0, "isfamily": 0}, {"id": "24495396368", "owner": "67889676@N04", "secret": "3f245d6e05", "server": "4582", "farm": 5, "title": "DSC02083", "ispublic": 1, "isfriend": 0, "isfamily": 0}, {"id": "38335047902", "owner": "67889676@N04", "secret": "4fdf39d2d8", "server": "4532", "farm": 5, "title": "DSC02085", "ispublic": 1, "isfriend": 0, "isfamily": 0}, {"id": "38365856991", "owner": "67889676@N04", "secret": "d077970946", "server": "4572", "farm": 5, "title": "DSC02089", "ispublic": 1, "isfriend": 0, "isfamily": 0}, {"id": "38310839546", "owner": "67889676@N04", "secret": "deae12c17f", "server": "4567", "farm": 5, "title": "DSC02097", "ispublic": 1, "isfriend": 0, "isfamily": 0}, {"id": "38365791311", "owner": "67889676@N04", "secret": "660673d8dc", "server": "4565", "farm": 5, "title": "DSC02105", "ispublic": 1, "isfriend": 0, "isfamily": 0}, {"id": "24495202368", "owner": "67889676@N04", "secret": "8fc3ec46d7", "server": "4554", "farm": 5, "title": "DSC02107", "ispublic": 1, "isfriend": 0, "isfamily": 0}, {"id": "38365729051", "owner": "67889676@N04", "secret": "4719d8f532", "server": "4524", "farm": 5, "title": "DSC02112", "ispublic": 1, "isfriend": 0, "isfamily": 0}, {"id": "26590343899", "owner": "67889676@N04", "secret": "292660bd61", "server": "4551", "farm": 5, "title": "DSC02115", "ispublic": 1, "isfriend": 0, "isfamily": 0}, {"id": "38310707036", "owner": "67889676@N04", "secret": "1d4dc055f0", "server": "4532", "farm": 5, "title": "DSC02117", "ispublic": 1, "isfriend": 0, "isfamily": 0}, {"id": "38365651441", "owner": "67889676@N04", "secret": "1c57c11752", "server": "4537", "farm": 5, "title": "DSC02118", "ispublic": 1, "isfriend": 0, "isfamily": 0}, {"id": "24495026168", "owner": "67889676@N04", "secret": "777422a89f", "server": "4553", "farm": 5, "title": "DSC02119", "ispublic": 1, "isfriend": 0, "isfamily": 0}, {"id": "38310593186", "owner": "67889676@N04", "secret": "6c8818c2f0", "server": "4540", "farm": 5, "title": "DSC02124", "ispublic": 1, "isfriend": 0, "isfamily": 0}, {"id": "38334739762", "owner": "67889676@N04", "secret": "2c7d237611", "server": "4518", "farm": 5, "title": "DSC02133", "ispublic": 1, "isfriend": 0, "isfamily": 0}, {"id": "38334706012", "owner": "67889676@N04", "secret": "98bc667a34", "server": "4579", "farm": 5, "title": "DSC02135", "ispublic": 1, "isfriend": 0, "isfamily": 0}]}, "stat": "ok"}}